COURSE ID,MEAN GRADE
1,2.2879
2,3
3,6.125
4,4.5
5,5.285714
6,5.875
7,6.333333
8,1.357143
9,2.190476
